{
  "controller/BaseController-dbg.js": 1605710795656,
  "controller/Detail.controller.js": 1605710795656,
  "model/models.js": 1605710795660,
  "model/formatter.js": 1605710795656,
  "controller/NotFound.controller.js": 1605710795656,
  "controller/Master.controller.js": 1605710795656,
  "controller/ListSelector.js": 1605710795656,
  "controller/ErrorHandler.js": 1605710795656,
  "controller/DetailObjectNotFound.js": 1605710795656,
  "controller/DetailObjectNotFound.controller.js": 1605710795656,
  "manifest.json": 1605710981217,
  "controller/BaseController.js": 1605710795656,
  "controller/App.controller.js": 1605710795656,
  "Component.js": 1605710795656,
  "manifest-bundle.zip": 1605710980797,
  "Component-preload.js": 1605710981151,
  "model/models-dbg.js": 1605710795660,
  "model/formatter-dbg.js": 1605710795656,
  "controller/NotFound-dbg.controller.js": 1605710795656,
  "controller/Master-dbg.controller.js": 1605710795656,
  "controller/ListSelector-dbg.js": 1605710795656,
  "controller/ErrorHandler-dbg.js": 1605710795656,
  "controller/DetailObjectNotFound-dbg.js": 1605710795656,
  "controller/DetailObjectNotFound-dbg.controller.js": 1605710795656,
  "controller/Detail-dbg.controller.js": 1605710795656,
  "i18n/i18n.properties": 1605710795656,
  "controller/App-dbg.controller.js": 1605710795656,
  "Component-dbg.js": 1605710795656,
  "resources.json": 1605710981220,
  "view/ViewSettingsDialog.fragment.xml": 1605710795664,
  "view/NotFound.view.xml": 1605710795664,
  "view/Master.view.xml": 1605710795664,
  "view/DetailObjectNotFound.view.xml": 1605710795664,
  "view/Detail.view.xml": 1605710795664,
  "view/App.view.xml": 1605710795664,
  "test.html": 1605710795660,
  "index.html": 1605710795656
}